10,70.175159817351599,503.0,52.039603960396036,6.0602409638554215
11,69.195267815930478,503.0,47.568075117370896,4.883495145631068
12,66.250846310088022,503.0,45.110638297872342,4.5315315315315319
13,62.371271138134141,503.0,40.756198347107436,3.6187050359712232
14,59.85102880658436,503.0,38.188755020080322,3.3092105263157894
15,57.157823129251703,503.0,36.266917293233085,2.9940476190476191
16,56.516740943892124,503.0,34.450909090909093,2.7189189189189191
17,54.008756283444136,503.0,33.041811846689896,2.5663265306122449
18,52.676759793975343,503.0,31.309278350515463,2.5150000000000001
19,50.532377227292478,503.0,30.05466237942122,2.3073394495412844
20,48.460649286768323,503.0,29.066455696202532,2.2061403508771931
21,46.886467143786597,503.0,27.623456790123456,2.1134453781512605
22,46.012515964240102,503.0,26.082066869300913,2.0364372469635628
23,45.467194570135746,503.0,25.177177177177178,1.9803149606299213
24,43.675758504443763,503.0,24.84319526627219,1.9272030651340997
25,42.389558232931726,503.0,23.682080924855491,1.8838951310861423
26,40.86926605504587,503.0,22.877551020408163,1.849264705882353
27,40.611608881963384,503.0,22.311428571428571,1.8028673835125448
28,38.735585585585582,503.0,21.613636363636363,1.7587412587412588
29,36.645754461871284,503.0,20.501424501424502,1.7108843537414966
30,35.52265673494724,503.0,20.201117318435752,1.6600660066006601
31,34.5180802103879,503.0,19.62258953168044,1.6600660066006601
32,33.457894736842107,503.0,19.471544715447155,1.6225806451612903
33,31.965991902834009,503.0,18.922872340425531,1.6019108280254777
34,30.383600377002828,503.0,18.677248677248677,1.586750788643533
35,29.09700722394221,503.0,18.198952879581153,1.5718749999999999
36,28.953290870488324,503.0,17.835897435897436,1.5288753799392096
37,27.940841865756543,503.0,17.304347826086957,1.5196374622356494
38,26.705601907032182,503.0,13.435185185185185,1.5150602409638554
39,26.04856787048568,503.0,13.225609756097562,1.4970238095238095
40,25.221204188481675,503.0,13.239520958083832,1.4837758112094395
41,24.393980848153216,503.0,12.886227544910179,1.4707602339181287
42,23.820689655172412,503.0,12.618768328445748,1.4495677233429394
43,23.425271739130434,503.0,12.402332361516034,1.4289772727272727
44,22.851748251748251,503.0,12.302593659942364,1.4129213483146068
45,21.539393939393939,503.0,12.225988700564972,1.4011142061281336
46,20.900621118012424,503.0,12.056179775280899,1.3895027624309393
47,20.464454976303319,503.0,11.938547486033519,1.3933518005540166
48,19.863344051446944,503.0,11.706371191135734,1.3856749311294765
49,19.762439807383629,503.0,11.470108695652174,1.3631436314363143
50,18.991721854304636,503.0,11.347708894878707,1.3631436314363143
51,18.496632996632997,503.0,11.196808510638299,1.3631436314363143
52,17.690017513134851,503.0,11.018567639257295,1.3557951482479784
53,16.807622504537203,503.0,10.887434554973822,1.3413333333333333
54,16.761565836298931,503.0,10.7578125,1.3342175066312998
55,16.36936936936937,503.0,10.669250645994833,1.3236842105263158
56,15.821362799263351,503.0,10.680306905370845,1.3202099737532809
57,15.915904936014625,503.0,10.643037974683544,1.3133159268929504
58,15.976618705035971,503.0,10.458227848101266,1.3098958333333333
59,15.929982046678635,503.0,10.338383838383839,1.2930591259640103
60,15.471663619744058,503.0,10.258793969849247,1.2930591259640103
61,15.052044609665428,503.0,10.115,1.2930591259640103
62,15.353260869565217,251.5,10.051980198019802,1.2734177215189872
63,15.186594202898551,251.5,10.002463054187192,1.2831632653061225
64,14.746350364963504,251.5,9.9048780487804873,1.2798982188295165
65,14.324022346368714,167.66666666666666,9.7785888077858889,1.2734177215189872
66,13.935606060606061,167.66666666666666,9.6326034063260337,1.2766497461928934
67,13.527831094049905,125.75,9.6053268765133168,1.2670025188916876
68,14.552727272727273,125.75,9.5493975903614459,1.2670025188916876
69,14.318098720292504,125.75,9.4048192771084338,1.2606516290726817
70,13.75,125.75,9.2764423076923084,1.2638190954773869
71,13.199999999999999,125.75,9.1582733812949648,1.2606516290726817
72,13.219696969696969,125.75,9.0861244019138763,1.2512437810945274
73,12.952471482889734,125.75,8.9522673031026248,1.2512437810945274
74,12.866920152091256,125.75,8.8809523809523814,1.245049504950495
75,12.428023032629559,125.75,8.8274231678486998,1.245049504950495
76,12.374760994263863,125.75,8.7186761229314413,1.2419753086419754
77,12.171483622350674,125.75,8.6146572104018908,1.2389162561576355
78,11.963320463320464,125.75,8.4893617021276597,1.2298288508557458
79,11.692456479690522,125.75,8.3569739952718685,1.2238442822384428
80,11.263261296660119,100.59999999999999,8.2411347517730498,1.2179176755447942
81,11.045725646123261,100.59999999999999,8.1513002364066196,1.220873786407767
82,10.856,71.857142857142861,8.1475409836065573,1.2179176755447942
83,10.670682730923694,71.857142857142861,8.0468384074941444,1.2120481927710844
84,10.451612903225806,62.875,7.9437939110070257,1.2120481927710844
85,10.190669371196755,62.875,7.9162790697674419,1.2120481927710844
86,9.9631901840490791,62.875,7.8279069767441865,1.2149758454106281
87,10.034552845528456,55.888888888888886,7.7633410672853831,1.2149758454106281
88,9.7433264887063658,55.888888888888886,7.7235023041474653,1.2091346153846154
89,9.6344969199178649,50.299999999999997,7.6712643678160921,1.2091346153846154
90,9.5975359342915816,50.299999999999997,7.6536697247706424,1.2004773269689737
91,9.4907597535934283,50.299999999999997,7.5972540045766594,1.1947743467933492
92,9.5792682926829276,50.299999999999997,7.4759725400457668,1.1947743467933492
93,9.4765784114052956,45.727272727272727,7.3958810068649887,1.1947743467933492
94,9.6787148594377506,45.727272727272727,7.372146118721461,1.1863207547169812
95,9.560483870967742,45.727272727272727,7.334851936218679,1.1835294117647059
96,9.3582995951417001,38.692307692307693,7.2710706150341684,1.1947743467933492
97,9.1183673469387756,35.928571428571431,7.2050113895216397,1.1863207547169812
98,9.1622718052738339,35.928571428571431,7.1161731207289298,1.1863207547169812
99,8.967413441955193,33.533333333333331,7.0590909090909095,1.1863207547169812
100,8.7104722792607809,33.533333333333331,7.0361990950226243,1.1835294117647059
101,8.640657084188911,31.4375,6.9819413092550793,1.1807511737089202
102,8.5432098765432105,29.588235294117649,6.9209932279909703,1.1752336448598131
103,8.4206185567010312,27.944444444444443,6.8510158013544018,1.1724941724941724
104,8.5,27.944444444444443,6.7810383747178333,1.1724941724941724
105,8.7786720321931586,27.944444444444443,6.7133182844243793,1.1697674418604651
106,8.726358148893361,27.944444444444443,6.6591422121896162,1.1752336448598131
107,8.6639839034205224,27.944444444444443,6.6027088036117378,1.1752336448598131
108,8.5090909090909097,26.473684210526315,6.583333333333333,1.1670533642691416
109,8.8557312252964433,26.473684210526315,6.6121076233183853,1.1643518518518519
110,8.9253438113948924,26.473684210526315,6.5695067264573987,1.1643518518518519
111,8.8411764705882359,23.952380952380953,6.5771812080536911,1.1589861751152073
112,8.6666666666666661,22.863636363636363,6.5279642058165548,1.1589861751152073
113,8.5601577909270219,22.863636363636363,6.4675615212527964,1.1563218390804597
114,8.3531746031746028,21.869565217391305,6.4575892857142856,1.1589861751152073
115,8.3267326732673261,21.869565217391305,6.4933333333333332,1.1589861751152073
116,8.2206759443339958,21.869565217391305,6.4833702882483371,1.1589861751152073
117,8.0958083832335337,20.958333333333332,6.4301552106430151,1.1563218390804597
118,7.850806451612903,20.958333333333332,6.4083885209713021,1.1536697247706422
119,7.80241935483871,20.120000000000001,6.3832599118942728,1.1536697247706422
120,7.6457489878542511,19.346153846153847,6.3450549450549447,1.1563218390804597
121,7.61010101010101,17.964285714285715,6.2703296703296703,1.1563218390804597
122,7.4929006085192702,17.344827586206897,6.2153846153846155,1.1536697247706422
123,7.3882113821138216,16.225806451612904,6.1538461538461542,1.1510297482837528
124,7.3170731707317076,15.71875,6.1052631578947372,1.1457858769931664
125,7.2281059063136457,15.71875,6.1050328227571118,1.1457858769931664
126,7.179226069246436,15.242424242424242,6.0851528384279474,1.1457858769931664
127,7.0979591836734697,15.242424242424242,6.0393013100436681,1.1457858769931664
128,7.0429447852760738,14.371428571428572,6.0435729847494555,1.1431818181818181
129,6.9795081967213113,13.972222222222221,6.0021786492374725,1.1431818181818181
130,6.8850102669404514,13.594594594594595,5.9607843137254903,1.1431818181818181
131,6.860655737704918,13.594594594594595,5.9586956521739127,1.1405895691609977
132,6.7618069815195074,13.594594594594595,5.8956521739130432,1.1405895691609977
133,6.7043121149897331,12.574999999999999,5.8434782608695652,1.1380090497737556
134,6.6503067484662575,11.976190476190476,5.8264642082429505,1.1380090497737556
135,6.5359342915811087,11.697674418604651,5.7700650759219085,1.1380090497737556
136,6.4866529774127306,11.177777777777777,5.7201735357917567,1.1380090497737556
137,6.4496919917864473,10.934782608695652,5.6876355748373104,1.1380090497737556
138,6.2954545454545459,10.934782608695652,5.6594360086767894,1.1354401805869074
139,6.3209876543209873,10.934782608695652,5.6601731601731604,1.1354401805869074
140,6.2536082474226804,10.702127659574469,5.540130151843818,1.132882882882883
141,6.0912863070539416,10.479166666666666,5.5227765726681124,1.1303370786516853
142,6.0539419087136928,10.479166666666666,5.4837310195227769,1.1303370786516853
143,5.997920997920998,10.479166666666666,5.4620390455531451,1.1303370786516853
144,5.9688149688149688,10.479166666666666,5.4360086767895881,1.1303370786516853
145,5.9272349272349274,10.26530612244898,5.3926247288503255,1.1303370786516853
146,5.8960498960498962,9.8627450980392162,5.4047619047619051,1.1278026905829597
147,5.8562500000000002,9.8627450980392162,5.3852813852813854,1.1278026905829597
148,5.822916666666667,9.4905660377358494,5.3528138528138527,1.1252796420581654
149,5.8651452282157672,9.3148148148148149,5.3138528138528143,1.1252796420581654
150,5.8316008316008316,9.1454545454545446,5.3088552915766742,1.1227678571428572
151,5.8257261410788379,8.9821428571428577,5.2721382289416843,1.1202672605790647
152,5.7925311203319501,8.8245614035087723,5.2375809935205186,1.1202672605790647
153,5.9568788501026697,8.8245614035087723,5.2051835853131747,1.1202672605790647
154,5.9178644763860371,8.5254237288135588,5.1641468682505396,1.1202672605790647
155,5.8185567010309276,8.5254237288135588,5.1425485961123112,1.1202672605790647
156,5.7541322314049586,8.2459016393442628,5.131465517241379,1.1177777777777778
157,5.7272727272727275,7.9841269841269842,5.1034482758620694,1.1177777777777778
158,5.6989690721649486,7.9841269841269842,5.0711206896551726,1.1177777777777778
159,5.6701030927835054,7.9841269841269842,5.0452586206896548,1.1177777777777778
160,5.6412371134020622,7.9841269841269842,5.0150862068965516,1.1177777777777778
161,5.6164948453608243,7.859375,4.9913793103448274,1.1177777777777778
162,5.5958762886597935,7.859375,4.9719827586206895,1.1177777777777778
163,5.5649484536082472,7.5074626865671643,4.9396551724137927,1.1177777777777778
164,5.6789366053169736,7.3970588235294121,4.8900862068965516,1.1152993348115299
165,5.4338842975206614,7.3970588235294121,4.8946236559139784,1.1152993348115299
166,5.3925619834710741,6.9861111111111107,4.8559139784946233,1.1152993348115299
167,5.3938144329896911,6.8904109589041092,4.8365591397849466,1.1152993348115299
168,5.3950617283950617,6.706666666666667,4.806451612903226,1.1152993348115299
169,5.3216494845360822,6.6184210526315788,4.774193548387097,1.1152993348115299
170,5.2824742268041236,6.2874999999999996,4.7397849462365595,1.1152993348115299
171,5.195020746887967,6.2098765432098766,4.7188841201716736,1.1128318584070795
172,5.1680497925311206,6.2098765432098766,4.6909871244635193,1.1152993348115299
173,5.2028985507246377,6.2098765432098766,4.6852248394004281,1.1128318584070795
174,5.1904761904761907,6.2098765432098766,4.67237687366167,1.1128318584070795
175,5.1614906832298137,5.9880952380952381,4.6423982869379019,1.1103752759381897
176,5.1221532091097313,5.9176470588235297,4.6038543897216275,1.1103752759381897
177,5.0931677018633543,5.7159090909090908,4.5738758029978586,1.1079295154185023
178,5.053830227743271,5.7159090909090908,4.5353319057815842,1.1079295154185023
179,5.0186335403726705,5.6516853932584272,4.5128205128205128,1.1079295154185023
180,4.991718426501035,5.5888888888888886,4.4893162393162394,1.1079295154185023
181,4.9668049792531122,5.5274725274725274,4.4658119658119659,1.1079295154185023
182,4.9336099585062243,5.5274725274725274,4.4776119402985071,1.1079295154185023
183,4.869022869022869,5.4673913043478262,4.4957446808510637,1.1103752759381897
184,4.8336798336798337,5.408602150537634,4.4680851063829783,1.1103752759381897
185,4.8108108108108105,5.3510638297872344,4.4468085106382977,1.1103752759381897
186,4.8343685300207042,5.1855670103092786,4.4468085106382977,1.1103752759381897
187,4.7888198757763973,5.1326530612244898,4.4106382978723406,1.1103752759381897
188,4.7623966942148757,5.1326530612244898,4.3842887473460719,1.1079295154185023
189,4.7525773195876289,5.0808080808080804,4.3609341825902339,1.1054945054945056
190,4.7510288065843618,4.883495145631068,4.375,1.1054945054945056
191,4.7181069958847734,4.8365384615384617,4.343220338983051,1.1054945054945056
192,4.6301652892561984,4.7904761904761903,4.3050847457627119,1.1054945054945056
193,4.5991735537190079,4.7009345794392523,4.2917547568710361,1.1030701754385965
194,4.5383022774327122,4.6146788990825689,4.2642706131078221,1.1030701754385965
195,4.5196687370600417,4.6146788990825689,4.2536997885835097,1.1030701754385965
196,4.4844720496894412,4.5315315315315319,4.2325581395348841,1.1030701754385965
197,4.4834710743801649,4.5315315315315319,4.2715789473684209,1.1030701754385965
198,4.7046843177189412,4.5315315315315319,4.2962184873949578,1.1030701754385965
199,4.6904276985743385,4.5315315315315319,4.2815126050420167,1.1030701754385965
6,85.355420851282645,503.0,75.989247311827953,35.928571428571431
7,82.587675285042963,503.0,66.803418803418808,16.766666666666666
8,78.190732590093617,503.0,61.413793103448278,12.574999999999999
9,72.369790431000396,503.0,55.392045454545453,8.6724137931034484
5,90.089105837296387,503.0,87.969696969696969,41.916666666666664
200,4.6428571428571432,4.5315315315315319,4.2584033613445378,1.0982532751091703
201,4.5828220858895703,4.5315315315315319,4.2268907563025211,1.0982532751091703
202,4.5725971370143146,4.4910714285714288,4.2163865546218489,1.0982532751091703
203,4.5501022494887522,4.4122807017543861,4.2096436058700206,1.0982532751091703
204,4.5378323108384455,4.4122807017543861,4.1991614255765199,1.0982532751091703
205,4.5214723926380369,4.4122807017543861,4.182389937106918,1.0982532751091703
206,4.4631147540983607,4.3362068965517242,4.1593291404612156,1.0982532751091703
207,4.4385245901639347,4.299145299145299,4.1383647798742142,1.0982532751091703
208,4.3880903490759753,4.299145299145299,4.1132075471698117,1.0982532751091703
209,4.3737166324435321,4.2627118644067794,4.0985324947589099,1.0958605664488017
210,4.3634496919917867,4.2627118644067794,4.0880503144654092,1.0958605664488017
211,4.3408624229979464,4.2627118644067794,4.067085953878407,1.0958605664488017
212,4.3024691358024691,4.2268907563025211,4.0482180293501049,1.0958605664488017
213,4.2818930041152266,4.1916666666666664,4.0272536687631026,1.0958605664488017
214,4.2654320987654319,4.1229508196721314,4.0104821802935007,1.0958605664488017
215,4.2510288065843618,4.0894308943089435,3.9958071278825997,1.0934782608695652
216,4.2669404517453797,4.056451612903226,3.9790356394129978,1.0934782608695652
217,4.248459958932238,4.024,3.9601677148846961,1.0911062906724511
218,4.2299794661190964,4.024,3.941299790356394,1.0911062906724511
219,4.2197125256673509,4.024,3.9308176100628929,1.0911062906724511
220,4.189300411522634,4.024,3.9224318658280923,1.0911062906724511
221,4.1707818930041149,4.024,3.9077568134171909,1.0911062906724511
222,4.1522633744855968,3.9920634920634921,3.9079497907949792,1.0911062906724511
223,4.1113402061855666,3.9606299212598426,3.8953974895397487,1.0911062906724511
224,4.096907216494845,3.9606299212598426,3.8828451882845187,1.0911062906724511
225,4.0865979381443296,3.9296875,3.8723849372384938,1.0911062906724511
226,4.0701030927835049,3.9296875,3.8556485355648538,1.0911062906724511
227,4.0371134020618555,3.8692307692307693,3.8242677824267783,1.0911062906724511
228,4.0329896907216494,3.8692307692307693,3.8200836820083683,1.0911062906724511
229,3.9896694214876032,3.8396946564885495,3.8075313807531379,1.0887445887445888
230,3.9834710743801653,3.8396946564885495,3.8012552301255229,1.0887445887445888
231,3.9710743801652892,3.8396946564885495,3.7887029288702929,1.0887445887445888
232,3.9566115702479339,3.8106060606060606,3.7740585774058579,1.0887445887445888
233,3.9400826446280992,3.7819548872180451,3.7573221757322175,1.0887445887445888
234,3.9359504132231407,3.7819548872180451,3.7531380753138075,1.0887445887445888
235,3.9214876033057853,3.7819548872180451,3.7405857740585775,1.0887445887445888
236,3.8737060041407867,3.7537313432835822,3.7196652719665271,1.0887445887445888
237,3.8530020703933747,3.7259259259259259,3.6987447698744771,1.0887445887445888
238,3.8343685300207038,3.6715328467153285,3.6799163179916317,1.0887445887445888
239,3.8260869565217392,3.6715328467153285,3.6736401673640167,1.0887445887445888
240,3.8115942028985508,3.6449275362318843,3.6589958158995817,1.0887445887445888
241,3.8639175257731959,3.6449275362318843,3.6805845511482254,1.0887445887445888
242,3.841237113402062,3.592857142857143,3.6659707724425887,1.0887445887445888
243,3.8309278350515465,3.5673758865248226,3.6555323590814197,1.0887445887445888
244,3.8144329896907219,3.5673758865248226,3.6388308977035488,1.0863930885529158
245,3.7999999999999998,3.5673758865248226,3.6242171189979122,1.0863930885529158
246,3.7582644628099175,3.5673758865248226,3.6116910229645094,1.0863930885529158
247,3.75,3.5422535211267605,3.6033402922755742,1.0863930885529158
248,3.7314049586776861,3.5174825174825175,3.5845511482254699,1.084051724137931
249,3.7231404958677685,3.4930555555555554,3.5762004175365343,1.084051724137931
250,3.7128099173553717,3.4930555555555554,3.5657620041753653,1.084051724137931
251,3.700413223140496,3.4930555555555554,3.5532359081419624,1.084051724137931
252,3.6797520661157024,3.4689655172413794,3.5344467640918582,1.084051724137931
253,3.6611570247933884,3.4452054794520546,3.5156576200417535,1.084051724137931
254,3.6446280991735538,3.4452054794520546,3.5010438413361169,1.084051724137931
255,3.6322314049586777,3.4217687074829932,3.4885177453027141,1.084051724137931
256,3.6239669421487601,3.3986486486486487,3.4801670146137789,1.084051724137931
257,3.6053719008264462,3.3533333333333335,3.4613778705636742,1.084051724137931
258,3.5867768595041323,3.3092105263157894,3.4446764091858038,1.084051724137931
259,3.6275720164609053,3.3092105263157894,3.3347368421052632,1.084051724137931
260,3.5896907216494847,3.3092105263157894,3.346638655462185,1.084051724137931
261,3.5793814432989692,3.3092105263157894,3.3361344537815127,1.084051724137931
262,3.5649484536082476,3.2451612903225806,3.3235294117647061,1.084051724137931
263,3.5484536082474225,3.2451612903225806,3.3067226890756301,1.084051724137931
264,3.5402061855670102,3.2243589743589745,3.2983193277310923,1.084051724137931
265,3.5278350515463917,3.1835443037974684,3.28781512605042,1.084051724137931
266,3.5514403292181069,3.1835443037974684,3.3102725366876311,1.084051724137931
267,3.5308641975308643,3.1835443037974684,3.291404612159329,1.084051724137931
268,3.5185185185185186,3.1635220125786163,3.2788259958071277,1.084051724137931
269,3.5102880658436213,3.1635220125786163,3.2725366876310273,1.0817204301075269
270,3.5092402464065708,3.1437499999999998,3.2473794549266248,1.0817204301075269
271,3.482546201232033,3.0858895705521472,3.2222222222222223,1.0817204301075269
272,3.4702258726899382,3.0670731707317072,3.2096436058700211,1.0817204301075269
273,3.4681724845995894,3.0670731707317072,3.2075471698113209,1.0817204301075269
274,3.4579055441478439,3.0484848484848484,3.1970649895178198,1.0817204301075269
275,3.4476386036960984,3.0484848484848484,3.1865828092243187,1.0817204301075269
276,3.4353182751540041,3.0301204819277108,3.1740041928721174,1.0817204301075269
277,3.4168377823408624,2.9763313609467454,3.1551362683438153,1.0817204301075269
278,3.415983606557377,2.9763313609467454,3.1404612159329139,1.0817204301075269
279,3.4118852459016393,2.9763313609467454,3.1362683438155137,1.0817204301075269
280,3.401639344262295,2.9588235294117649,3.1257861635220126,1.0817204301075269
281,3.3852459016393444,2.9588235294117649,3.1132075471698113,1.0793991416309012
282,3.3449691991786445,2.9415204678362574,3.0964360587002098,1.0793991416309012
283,3.3264887063655029,2.9244186046511627,3.0775681341719077,1.0793991416309012
284,3.3162217659137578,2.9075144508670521,3.0670859538784065,1.0770877944325481
285,3.299794661190965,2.8908045977011496,3.050314465408805,1.0770877944325481
286,3.2453608247422681,2.8742857142857141,3.0377358490566038,1.0702127659574467
287,3.2371134020618557,2.8742857142857141,3.0293501048218028,1.0702127659574467
288,3.2185567010309279,2.8258426966292136,3.0104821802935011,1.0702127659574467
289,3.2082474226804125,2.8100558659217878,3.0,1.0702127659574467
290,3.1938144329896909,2.7944444444444443,2.9853249475890986,1.0702127659574467
291,3.1673553719008263,2.7944444444444443,2.9811320754716979,1.0702127659574467
292,3.1632231404958677,2.7944444444444443,2.9769392033542976,1.0702127659574467
293,3.1549586776859506,2.7944444444444443,2.9685534591194966,1.0702127659574467
294,3.1508264462809916,2.7944444444444443,2.9643605870020964,1.0702127659574467
295,3.1446280991735538,2.7944444444444443,2.958071278825996,1.0724946695095949
296,3.134297520661157,2.7790055248618786,2.9475890985324948,1.0724946695095949
297,3.1260330578512399,2.7637362637362637,2.9392033542976939,1.0724946695095949
298,3.1136363636363638,2.7486338797814209,2.9308176100628929,1.0724946695095949
299,3.1053719008264462,2.7336956521739131,2.9224318658280923,1.0724946695095949
300,3.1257731958762887,2.704301075268817,2.9119496855345912,1.0724946695095949
301,3.1481481481481484,2.6898395721925135,2.9288702928870292,1.0724946695095949
302,3.1275720164609053,2.6613756613756614,2.9079497907949792,1.0724946695095949
303,3.1152263374485596,2.6473684210526316,2.8953974895397487,1.0724946695095949
304,3.1111111111111112,2.6473684210526316,2.8912133891213387,1.0724946695095949
305,3.1028806584362139,2.6473684210526316,2.8849372384937237,1.0724946695095949
306,3.096707818930041,2.6473684210526316,2.8807531380753137,1.0702127659574467
307,3.0884773662551441,2.6335078534031413,2.8723849372384938,1.0702127659574467
308,3.0843621399176953,2.6335078534031413,2.8682008368200838,1.0702127659574467
309,3.0699588477366255,2.6197916666666665,2.8577405857740588,1.0702127659574467
310,3.0576131687242798,2.6062176165803108,2.8451882845188283,1.0724946695095949
311,3.0473251028806585,2.6062176165803108,2.8368200836820083,1.0724946695095949
312,3.0288065843621399,2.5927835051546393,2.8179916317991633,1.0724946695095949
313,3.0513347022587269,2.5663265306122449,2.8455114822546972,1.0724946695095949
314,3.0431211498973307,2.5663265306122449,2.837160751565762,1.0724946695095949
315,3.0061728395061729,2.5663265306122449,2.8308977035490606,1.0724946695095949
316,3.0,2.5663265306122449,2.8246346555323592,1.0724946695095949
317,3.0,2.5663265306122449,2.8246346555323592,1.0724946695095949
318,2.9938271604938271,2.5663265306122449,2.8183716075156577,1.0724946695095949
319,2.9897119341563787,2.5532994923857868,2.8141962421711901,1.0724946695095949
320,2.9855967078189298,2.5532994923857868,2.8100208768267225,1.0724946695095949
321,2.977366255144033,2.5404040404040402,2.8016701461377869,1.0724946695095949
322,2.9711934156378601,2.5276381909547738,2.7954070981210855,1.0724946695095949
323,2.9650205761316872,2.5276381909547738,2.789144050104384,1.0724946695095949
324,2.9567901234567899,2.5276381909547738,2.7807933194154488,1.0724946695095949
325,2.9485596707818931,2.5276381909547738,2.7875000000000001,1.0724946695095949
326,3.002049180327869,2.5150000000000001,2.7833333333333332,1.0724946695095949
327,2.9918032786885247,2.5150000000000001,2.7729166666666667,1.0724946695095949
328,2.9815573770491803,2.5024875621890548,2.7666666666666666,1.0724946695095949
329,2.9774590163934427,2.4900990099009901,2.7625000000000002,1.0724946695095949
330,2.9631147540983607,2.465686274509804,2.7671517671517671,1.0702127659574467
331,2.956967213114754,2.4536585365853658,2.7609147609147611,1.0702127659574467
332,2.9405737704918034,2.4182692307692308,2.7442827442827444,1.0702127659574467
333,2.8952772073921973,2.3952380952380952,2.7276507276507278,1.0702127659574467
334,2.8891170431211499,2.3952380952380952,2.7234927234927233,1.0702127659574467
335,2.8809034907597537,2.3726415094339623,2.7151767151767152,1.0702127659574467
336,2.8726899383983571,2.3615023474178405,2.7068607068607067,1.0702127659574467
337,2.8644763860369609,2.3504672897196262,2.7006237006237006,1.0702127659574467
338,2.8583162217659139,2.3287037037037037,2.6943866943866945,1.0702127659574467
339,2.8521560574948666,2.3179723502304146,2.688149688149688,1.0702127659574467
340,2.8418891170431211,2.3179723502304146,2.6798336798336799,1.0702127659574467
341,2.8398357289527723,2.3179723502304146,2.6777546777546779,1.0702127659574467
342,2.8398357289527723,2.3179723502304146,2.6777546777546779,1.0702127659574467
343,2.8316221765913756,2.3179723502304146,2.6715176715176714,1.0702127659574467
344,2.8234086242299794,2.3073394495412844,2.6632016632016633,1.0702127659574467
345,2.8193018480492813,2.3073394495412844,2.6590436590436592,1.0702127659574467
346,2.8110882956878851,2.2968036529680367,2.6507276507276507,1.0702127659574467
347,2.7987679671457903,2.2968036529680367,2.6382536382536381,1.0702127659574467
348,2.763374485596708,2.2863636363636362,2.6320166320166321,1.0679405520169851
349,2.7510288065843622,2.2760180995475112,2.6195426195426195,1.0679405520169851
350,2.7448559670781894,2.2760180995475112,2.6133056133056134,1.0679405520169851
351,2.7345679012345681,2.2657657657657659,2.6029106029106028,1.0656779661016949
352,2.7304526748971192,2.2556053811659194,2.5987525987525988,1.0656779661016949
353,2.713991769547325,2.2556053811659194,2.5821205821205822,1.0656779661016949
354,2.7330595482546203,2.2455357142857144,2.5738045738045736,1.0656779661016949
355,2.7227926078028748,2.2355555555555555,2.5634095634095635,1.0656779661016949
356,2.7227926078028748,2.2355555555555555,2.5634095634095635,1.0656779661016949
357,2.7104722792607805,2.2158590308370045,2.5530145530145529,1.0634249471458774
358,2.7063655030800819,2.2158590308370045,2.5488565488565489,1.0634249471458774
359,2.6940451745379876,2.1681034482758621,2.5363825363825363,1.0634249471458774
360,2.6817248459958933,2.1681034482758621,2.5259875259875262,1.0634249471458774
361,2.6776180698151952,2.1681034482758621,2.5456431535269708,1.0634249471458774
362,2.6694045174537986,2.1681034482758621,2.5373443983402488,1.0656779661016949
363,2.6591375770020536,2.1495726495726495,2.5269709543568464,1.0656779661016949
364,2.6762295081967213,2.1495726495726495,2.5465838509316772,1.0656779661016949
365,2.665983606557377,2.1495726495726495,2.5383022774327122,1.0634249471458774
366,2.6577868852459017,2.1404255319148935,2.5300207039337472,1.0634249471458774
367,2.651639344262295,2.1404255319148935,2.5238095238095237,1.0634249471458774
368,2.6434426229508197,2.1313559322033897,2.5155279503105592,1.0634249471458774
369,2.637295081967213,2.1313559322033897,2.5093167701863353,1.0656779661016949
370,2.6290983606557377,2.1046025104602513,2.5010351966873707,1.0656779661016949
371,2.6290983606557377,2.1046025104602513,2.5010351966873707,1.0656779661016949
372,2.627049180327869,2.1046025104602513,2.4989648033126293,1.0656779661016949
373,2.625,2.0958333333333332,2.4968944099378882,1.0656779661016949
374,2.6168032786885247,2.0958333333333332,2.4886128364389233,1.0656779661016949
375,2.6086065573770494,2.0958333333333332,2.5082644628099175,1.0656779661016949
376,2.596311475409836,2.0785123966942147,2.4958677685950414,1.0656779661016949
377,2.5922131147540983,2.0785123966942147,2.4917355371900825,1.0656779661016949
378,2.5799180327868854,2.0785123966942147,2.5051546391752577,1.0656779661016949
379,2.5758196721311477,2.0699588477366255,2.5010309278350515,1.0656779661016949
380,2.5717213114754101,2.0699588477366255,2.4969072164948454,1.0656779661016949
381,2.5614754098360657,2.0699588477366255,2.4865979381443299,1.0656779661016949
382,2.5491803278688523,2.0699588477366255,2.4742268041237114,1.0656779661016949
383,2.543032786885246,2.0699588477366255,2.4701030927835053,1.0656779661016949
384,2.5389344262295084,2.0699588477366255,2.4659793814432991,1.0656779661016949
385,2.5348360655737703,2.0699588477366255,2.4618556701030929,1.0656779661016949
386,2.5245901639344264,2.0699588477366255,2.4515463917525775,1.0634249471458774
387,2.512295081967213,2.0530612244897961,2.439175257731959,1.0634249471458774
388,2.5081967213114753,2.0447154471544717,2.4350515463917524,1.0634249471458774
389,2.497950819672131,2.028225806451613,2.4247422680412369,1.0634249471458774
390,2.4918032786885247,2.0200803212851404,2.4185567010309277,1.0634249471458774
391,2.485655737704918,2.0200803212851404,2.4123711340206184,1.0634249471458774
392,2.4836065573770494,2.0200803212851404,2.4103092783505153,1.0634249471458774
393,2.4774590163934427,2.012,2.4041237113402061,1.0634249471458774
394,2.4774590163934427,2.012,2.4041237113402061,1.0634249471458774
395,2.4692622950819674,2.0039840637450199,2.3958762886597937,1.0611814345991561
396,2.4610655737704916,1.9881422924901186,2.3876288659793814,1.0611814345991561
397,2.4508196721311477,1.9725490196078432,2.377319587628866,1.0611814345991561
398,2.4487704918032787,1.96484375,2.3752577319587629,1.0611814345991561
399,2.4723926380368098,1.96484375,2.4012345679012346,1.0611814345991561
400,2.4703476482617588,1.96484375,2.3991769547325101,1.0634249471458774
401,2.4662576687116564,1.96484375,2.3950617283950617,1.0634249471458774
402,2.462167689161554,1.96484375,2.3909465020576133,1.0634249471458774
403,2.4580777096114521,1.96484375,2.3868312757201644,1.0634249471458774
404,2.4519427402862988,1.9571984435797665,2.380658436213992,1.0611814345991561
405,2.4478527607361964,1.9496124031007751,2.3765432098765431,1.0611814345991561
406,2.4417177914110431,1.9346153846153846,2.3703703703703702,1.0611814345991561
407,2.4376278118609407,1.9346153846153846,2.3662551440329218,1.0611814345991561
408,2.4551020408163264,1.9346153846153846,2.3621399176954734,1.0611814345991561
409,2.4510204081632652,1.9346153846153846,2.3580246913580245,1.0611814345991561
410,2.4448979591836735,1.9272030651340997,2.3518518518518516,1.0611814345991561
411,2.4428571428571431,1.9198473282442747,2.3497942386831276,1.0611814345991561
412,2.4346938775510205,1.9125475285171103,2.3415637860082303,1.0611814345991561
413,2.4306122448979592,1.8981132075471698,2.3374485596707819,1.0611814345991561
414,2.4285714285714284,1.8981132075471698,2.3353909465020575,1.0611814345991561
415,2.4244897959183676,1.8838951310861423,2.331275720164609,1.0611814345991561
416,2.4244897959183676,1.8838951310861423,2.331275720164609,1.0611814345991561
417,2.416326530612245,1.8768656716417911,2.3230452674897117,1.0611814345991561
418,2.4081632653061225,1.8698884758364311,2.3148148148148149,1.0611814345991561
419,2.3783231083844583,1.8629629629629629,2.3065843621399176,1.0611814345991561
420,2.3783231083844583,1.8629629629629629,2.3065843621399176,1.0611814345991561
421,2.3742331288343559,1.8560885608856088,2.3024691358024691,1.0611814345991561
422,2.3721881390593049,1.8560885608856088,2.3004115226337447,1.0611814345991561
423,2.3640081799591002,1.8424908424908424,2.2921810699588478,1.0611814345991561
424,2.3599182004089978,1.8357664233576643,2.288065843621399,1.0611814345991561
425,2.3578732106339468,1.8357664233576643,2.286008230452675,1.0611814345991561
426,2.3537832310838445,1.8357664233576643,2.2818930041152266,1.0611814345991561
427,2.3299180327868854,1.8357664233576643,2.2818930041152266,1.0589473684210526
428,2.317622950819672,1.8224637681159421,2.2695473251028808,1.0589473684210526
429,2.317622950819672,1.8224637681159421,2.2695473251028808,1.0589473684210526
430,2.3114754098360657,1.8224637681159421,2.263374485596708,1.0589473684210526
431,2.3012295081967213,1.8093525179856116,2.2530864197530862,1.0567226890756303
432,2.2971311475409837,1.8093525179856116,2.2489711934156378,1.0567226890756303
433,2.2950819672131146,1.8093525179856116,2.2469135802469138,1.0567226890756303
434,2.293032786885246,1.8028673835125448,2.2448559670781894,1.0567226890756303
435,2.2889344262295084,1.8028673835125448,2.2407407407407409,1.0567226890756303
436,2.2868852459016393,1.8028673835125448,2.2386831275720165,1.0567226890756303
437,2.2807377049180326,1.7964285714285715,2.2325102880658436,1.0567226890756303
438,2.2807377049180326,1.7964285714285715,2.2325102880658436,1.0567226890756303
439,2.2745901639344264,1.790035587188612,2.2263374485596708,1.0567226890756303
440,2.2745901639344264,1.790035587188612,2.2263374485596708,1.0567226890756303
441,2.2725409836065573,1.7836879432624113,2.2242798353909463,1.0567226890756303
442,2.2663934426229506,1.7836879432624113,2.2181069958847734,1.0567226890756303
443,2.2602459016393444,1.7836879432624113,2.211934156378601,1.0567226890756303
444,2.2340862422997945,1.7836879432624113,2.2078189300411522,1.0567226890756303
445,2.2258726899383983,1.7836879432624113,2.1995884773662553,1.0567226890756303
446,2.2238193018480494,1.7836879432624113,2.2238193018480494,1.0567226890756303
447,2.2217659137577002,1.7836879432624113,2.2217659137577002,1.0567226890756303
448,2.2176591375770021,1.7773851590106007,2.2176591375770021,1.0567226890756303
449,2.2156057494866528,1.7773851590106007,2.2156057494866528,1.0567226890756303
450,2.2156057494866528,1.7773851590106007,2.2156057494866528,1.0567226890756303
451,2.2114989733059547,1.7773851590106007,2.2114989733059547,1.0567226890756303
452,2.2073921971252566,1.7711267605633803,2.2073921971252566,1.0567226890756303
453,2.2032854209445585,1.7649122807017543,2.2032854209445585,1.0567226890756303
454,2.1991786447638604,1.7587412587412588,2.1991786447638604,1.0567226890756303
455,2.1971252566735111,1.7526132404181185,2.1971252566735111,1.0567226890756303
456,2.1950718685831623,1.7465277777777777,2.1950718685831623,1.0567226890756303
457,2.1950718685831623,1.7465277777777777,2.1950718685831623,1.0567226890756303
458,2.2172131147540983,1.7465277777777777,2.2172131147540983,1.0545073375262055
459,2.2151639344262297,1.7465277777777777,2.2151639344262297,1.0545073375262055
460,2.2131147540983607,1.7465277777777777,2.2131147540983607,1.0545073375262055
461,2.209016393442623,1.740484429065744,2.209016393442623,1.0545073375262055
462,2.2049180327868854,1.7344827586206897,2.2049180327868854,1.0545073375262055
463,2.2008196721311477,1.7344827586206897,2.2008196721311477,1.0545073375262055
464,2.1967213114754101,1.7285223367697595,2.1967213114754101,1.0545073375262055
465,2.194672131147541,1.7285223367697595,2.194672131147541,1.0545073375262055
466,2.194672131147541,1.7285223367697595,2.194672131147541,1.0545073375262055
467,2.192622950819672,1.7226027397260273,2.192622950819672,1.0545073375262055
468,2.2065439672801634,1.7226027397260273,2.1864754098360657,1.0545073375262055
469,2.2024539877300615,1.7226027397260273,2.182377049180328,1.0545073375262055
470,2.1983640081799591,1.7226027397260273,2.1782786885245899,1.0545073375262055
471,2.1942740286298568,1.7226027397260273,2.1741803278688523,1.0545073375262055
472,2.1942740286298568,1.7226027397260273,2.1741803278688523,1.0545073375262055
473,2.1922290388548058,1.7226027397260273,2.1721311475409837,1.0545073375262055
474,2.1840490797546011,1.7167235494880546,2.1639344262295084,1.0545073375262055
475,2.1820040899795501,1.7167235494880546,2.1618852459016393,1.0545073375262055
476,2.1758691206543967,1.7167235494880546,2.1557377049180326,1.0545073375262055
477,2.1717791411042944,1.7167235494880546,2.151639344262295,1.0545073375262055
478,2.1676891615541924,1.7167235494880546,2.1475409836065573,1.0545073375262055
479,2.1635991820040901,1.7167235494880546,2.1434426229508197,1.0545073375262055
480,2.1595092024539877,1.7108843537414966,2.1595092024539877,1.0545073375262055
481,2.1554192229038853,1.7108843537414966,2.1554192229038853,1.0545073375262055
482,2.1554192229038853,1.7108843537414966,2.1554192229038853,1.0545073375262055
483,2.1513292433537834,1.7050847457627119,2.1513292433537834,1.0545073375262055
484,2.1431492842535786,1.6993243243243243,2.1431492842535786,1.0545073375262055
485,2.1411042944785277,1.6993243243243243,2.1411042944785277,1.0545073375262055
486,2.1370143149284253,1.6993243243243243,2.1370143149284253,1.0545073375262055
487,2.1349693251533743,1.6993243243243243,2.1349693251533743,1.0545073375262055
488,2.1530612244897958,1.6993243243243243,2.128834355828221,1.0545073375262055
489,2.1489795918367345,1.6936026936026936,2.1247443762781186,1.0545073375262055
490,2.1469387755102041,1.6879194630872483,2.1226993865030677,1.0545073375262055
491,2.1448979591836737,1.6879194630872483,2.1206543967280163,1.0545073375262055
492,2.1448979591836737,1.6879194630872483,2.1206543967280163,1.0545073375262055
493,2.1408163265306124,1.6879194630872483,2.1165644171779143,1.0545073375262055
494,2.1387755102040815,1.6879194630872483,2.1145194274028629,1.0545073375262055
495,2.1367346938775511,1.6879194630872483,2.112474437627812,1.0545073375262055
496,2.1367346938775511,1.6879194630872483,2.112474437627812,1.0545073375262055
497,2.1326530612244898,1.6879194630872483,2.1083844580777096,1.0545073375262055
498,2.1285714285714286,1.6879194630872483,2.1042944785276072,1.0545073375262055
499,2.1244897959183673,1.6879194630872483,2.1002044989775053,1.0545073375262055
500,2.120408163265306,1.6879194630872483,2.0961145194274029,1.0545073375262055
501,2.1183673469387756,1.6879194630872483,2.0940695296523519,1.0545073375262055
502,2.1142857142857143,1.6822742474916388,2.0899795501022496,1.0545073375262055
503,2.1061224489795918,1.6822742474916388,2.0817995910020448,1.0545073375262055
504,2.1000000000000001,1.6766666666666667,2.0756646216768915,1.0545073375262055
505,2.0959183673469388,1.6766666666666667,2.0715746421267895,1.0545073375262055
506,2.0918367346938775,1.6766666666666667,2.0674846625766872,1.0545073375262055
507,2.0897959183673471,1.6766666666666667,2.0654396728016362,1.0545073375262055
508,2.0897959183673471,1.6766666666666667,2.0654396728016362,1.0545073375262055
509,2.0877551020408163,1.6766666666666667,2.0633946830265848,1.0545073375262055
510,2.0997963340122201,1.6766666666666667,2.0572597137014315,1.0545073375262055
511,2.0775510204081633,1.6766666666666667,2.0552147239263805,1.0523012552301256
512,2.0755102040816324,1.6766666666666667,2.0531697341513291,1.0523012552301256
513,2.073469387755102,1.6766666666666667,2.0511247443762781,1.0523012552301256
514,2.0714285714285716,1.6766666666666667,2.0490797546012272,1.0523012552301256
515,2.0612244897959182,1.6766666666666667,2.0388548057259714,1.0523012552301256
516,2.0551020408163265,1.6766666666666667,2.0327198364008181,1.0523012552301256
517,2.0733197556008145,1.6766666666666667,2.0286298568507157,1.0523012552301256
518,2.0692464358452138,1.6766666666666667,2.0245398773006134,1.0523012552301256
519,2.0692464358452138,1.6766666666666667,2.0245398773006134,1.0523012552301256
520,2.0692464358452138,1.6766666666666667,2.0245398773006134,1.0523012552301256
521,2.0651731160896132,1.6766666666666667,2.0204498977505114,1.0523012552301256
522,2.0610997963340121,1.6710963455149501,2.0163599182004091,1.0523012552301256
523,2.0570264765784114,1.6655629139072847,2.0122699386503067,1.0523012552301256
524,2.0549898167006111,1.6655629139072847,2.0102249488752557,1.0523012552301256
525,2.0529531568228108,1.6655629139072847,2.0081799591002043,1.0523012552301256
526,2.0529531568228108,1.6655629139072847,2.0081799591002043,1.0523012552301256
527,2.0529531568228108,1.6655629139072847,2.0081799591002043,1.0523012552301256
528,2.05091649694501,1.6655629139072847,2.0061349693251533,1.0523012552301256
529,2.0468431771894093,1.6655629139072847,2.002044989775051,1.0523012552301256
530,2.0468431771894093,1.6655629139072847,2.002044989775051,1.0523012552301256
531,2.0427698574338087,1.6600660066006601,1.9979550102249488,1.0523012552301256
532,2.0325865580448066,1.6437908496732025,1.9877300613496933,1.0523012552301256
533,2.0305498981670063,1.6437908496732025,2.0081632653061225,1.0523012552301256
534,2.0264765784114052,1.6437908496732025,2.0040816326530613,1.0523012552301256
535,2.0183299389002038,1.6384364820846906,1.9959183673469387,1.0523012552301256
536,2.0162932790224031,1.6384364820846906,1.9938775510204081,1.0523012552301256
537,2.0142566191446027,1.6384364820846906,1.9918367346938775,1.0523012552301256
538,2.0081466395112018,1.6278317152103561,1.9857142857142858,1.0523012552301256
539,2.0081466395112018,1.6278317152103561,1.9857142857142858,1.0523012552301256
540,2.0061099796334014,1.6278317152103561,1.9836734693877551,1.0523012552301256
541,2.0020366598778003,1.6278317152103561,1.9795918367346939,1.0523012552301256
542,2.0020366598778003,1.6278317152103561,1.9795918367346939,1.0523012552301256
543,2.0,1.6278317152103561,1.9775510204081632,1.0523012552301256
544,1.9959266802443991,1.6225806451612903,1.9734693877551019,1.0523012552301256
545,1.9898167006109979,1.617363344051447,1.9673469387755103,1.0523012552301256
546,1.9877800407331976,1.617363344051447,1.9653061224489796,1.0523012552301256
547,1.9857433808553973,1.617363344051447,1.963265306122449,1.0523012552301256
548,1.9837067209775967,1.617363344051447,1.9612244897959183,1.0523012552301256
549,1.9816700610997964,1.617363344051447,1.9591836734693877,1.0523012552301256
550,1.9755600814663952,1.6070287539936101,1.953061224489796,1.0523012552301256
551,1.9755600814663952,1.6070287539936101,1.953061224489796,1.0523012552301256
552,1.9755600814663952,1.6070287539936101,1.953061224489796,1.0523012552301256
553,1.9735234215885946,1.6070287539936101,1.9510204081632654,1.0523012552301256
554,1.9714867617107943,1.6070287539936101,1.9489795918367347,1.0523012552301256
555,1.9674134419551934,1.6070287539936101,1.9448979591836735,1.0523012552301256
556,1.9674134419551934,1.6070287539936101,1.9448979591836735,1.0523012552301256
557,1.9633401221995928,1.6070287539936101,1.9243353783231083,1.0501043841336117
558,1.9613034623217922,1.6070287539936101,1.9222903885480573,1.0501043841336117
559,1.9613034623217922,1.6070287539936101,1.9222903885480573,1.0501043841336117
560,1.955193482688391,1.6019108280254777,1.9346938775510205,1.0501043841336117
561,1.9511201629327901,1.5968253968253969,1.9306122448979592,1.0501043841336117
562,1.9490835030549898,1.5968253968253969,1.9285714285714286,1.0501043841336117
563,1.9470468431771895,1.5968253968253969,1.926530612244898,1.0501043841336117
564,1.9429735234215886,1.5917721518987342,1.9224489795918367,1.0501043841336117
565,1.9429735234215886,1.5917721518987342,1.9224489795918367,1.0501043841336117
566,1.9409368635437882,1.586750788643533,1.9204081632653061,1.0501043841336117
567,1.9389002036659877,1.5817610062893082,1.9183673469387754,1.0501043841336117
568,1.9368635437881874,1.5817610062893082,1.916326530612245,1.0501043841336117
569,1.9327902240325865,1.5817610062893082,1.9122448979591837,1.0501043841336117
570,1.9307535641547862,1.5817610062893082,1.9102040816326531,1.0501043841336117
571,1.9287169042769858,1.5817610062893082,1.9081632653061225,1.0501043841336117
572,1.9266802443991853,1.5817610062893082,1.9061224489795918,1.0501043841336117
573,1.924643584521385,1.5817610062893082,1.9040816326530612,1.0501043841336117
574,1.9185336048879837,1.5768025078369905,1.8979591836734695,1.0501043841336117
575,1.9164969450101832,1.5768025078369905,1.8959183673469389,1.0501043841336117
576,1.9144602851323829,1.5768025078369905,1.8938775510204082,1.0501043841336117
577,1.9144602851323829,1.5768025078369905,1.8938775510204082,1.0501043841336117
578,1.9083503054989817,1.5718749999999999,1.8877551020408163,1.0501043841336117
579,1.9042769857433808,1.5669781931464175,1.883673469387755,1.0501043841336117
580,1.9002036659877801,1.5621118012422359,1.879591836734694,1.0501043841336117
581,1.8961303462321792,1.5572755417956656,1.8755102040816327,1.0479166666666666
582,1.8961303462321792,1.5572755417956656,1.8755102040816327,1.0479166666666666
583,1.8940936863543789,1.5524691358024691,1.8734693877551021,1.0479166666666666
584,1.8940936863543789,1.5524691358024691,1.8734693877551021,1.0479166666666666
585,1.8920570264765784,1.5524691358024691,1.8714285714285714,1.0479166666666666
586,1.8920570264765784,1.5524691358024691,1.8714285714285714,1.0479166666666666
587,1.8859470468431772,1.5382262996941896,1.8653061224489795,1.0479166666666666
588,1.8798370672097759,1.5335365853658536,1.8591836734693878,1.0479166666666666
589,1.8798370672097759,1.5335365853658536,1.8591836734693878,1.0479166666666666
590,1.8778004073319756,1.5335365853658536,1.8591836734693878,1.0479166666666666
591,1.8778004073319756,1.5335365853658536,1.8591836734693878,1.0479166666666666
592,1.8696537678207739,1.5288753799392096,1.8510204081632653,1.0479166666666666
593,1.8696537678207739,1.5288753799392096,1.8510204081632653,1.0479166666666666
594,1.8655804480651732,1.5242424242424242,1.846938775510204,1.0479166666666666
595,1.8615071283095723,1.5242424242424242,1.8428571428571427,1.0479166666666666
596,1.8553971486761711,1.5242424242424242,1.8367346938775511,1.0479166666666666
597,1.8553971486761711,1.5242424242424242,1.8367346938775511,1.0479166666666666
598,1.8553971486761711,1.5242424242424242,1.8367346938775511,1.0479166666666666
599,1.8533604887983706,1.5242424242424242,1.8346938775510204,1.0479166666666666
600,1.8533604887983706,1.5242424242424242,1.8346938775510204,1.0479166666666666
601,1.8533604887983706,1.5242424242424242,1.8346938775510204,1.0479166666666666
602,1.8492871690427699,1.5242424242424242,1.8306122448979592,1.0479166666666666
603,1.8492871690427699,1.5242424242424242,1.8306122448979592,1.0479166666666666
604,1.8472505091649694,1.5196374622356494,1.8285714285714285,1.0479166666666666
605,1.8411405295315681,1.5196374622356494,1.8224489795918368,1.0479166666666666
606,1.8411405295315681,1.5196374622356494,1.8224489795918368,1.0479166666666666
607,1.8411405295315681,1.5196374622356494,1.8224489795918368,1.0479166666666666
608,1.8391038696537678,1.5196374622356494,1.8204081632653062,1.0479166666666666
609,1.8370672097759675,1.5196374622356494,1.8183673469387756,1.0479166666666666
610,1.8370672097759675,1.5196374622356494,1.8183673469387756,1.0479166666666666
611,1.8370672097759675,1.5196374622356494,1.8183673469387756,1.0479166666666666
612,1.8370672097759675,1.5196374622356494,1.8183673469387756,1.0479166666666666
613,1.8309572301425663,1.5150602409638554,1.8122448979591836,1.0479166666666666
614,1.8289205702647657,1.5105105105105106,1.810204081632653,1.0479166666666666
615,1.8289205702647657,1.5105105105105106,1.810204081632653,1.0479166666666666
616,1.8289205702647657,1.5105105105105106,1.810204081632653,1.0479166666666666
617,1.8268839103869654,1.5059880239520957,1.8081632653061224,1.0479166666666666
618,1.8248472505091651,1.5059880239520957,1.8061224489795917,1.0479166666666666
619,1.8248472505091651,1.5059880239520957,1.8061224489795917,1.0479166666666666
620,1.8248472505091651,1.5059880239520957,1.8061224489795917,1.0479166666666666
621,1.8248472505091651,1.5059880239520957,1.8061224489795917,1.0479166666666666
622,1.8248472505091651,1.5059880239520957,1.8061224489795917,1.0479166666666666
623,1.8228105906313645,1.5059880239520957,1.8040816326530613,1.0479166666666666
624,1.8228105906313645,1.5059880239520957,1.8040816326530613,1.0479166666666666
625,1.8228105906313645,1.5059880239520957,1.8040816326530613,1.0479166666666666
626,1.8207739307535642,1.5014925373134329,1.8020408163265307,1.0479166666666666
627,1.8187372708757636,1.5014925373134329,1.8,1.0479166666666666
628,1.8167006109979633,1.5014925373134329,1.7979591836734694,1.0479166666666666
629,1.814663951120163,1.5014925373134329,1.7959183673469388,1.0479166666666666
630,1.814663951120163,1.5014925373134329,1.7959183673469388,1.0479166666666666
631,1.8333333333333333,1.5014925373134329,1.7959183673469388,1.0479166666666666
632,1.8313008130081301,1.5014925373134329,1.7938775510204081,1.0457380457380456
633,1.8292682926829269,1.5014925373134329,1.7918367346938775,1.0457380457380456
634,1.8292682926829269,1.5014925373134329,1.7918367346938775,1.0457380457380456
635,1.8252032520325203,1.4970238095238095,1.7877551020408162,1.0457380457380456
636,1.8252032520325203,1.4970238095238095,1.7877551020408162,1.0457380457380456
637,1.8231707317073171,1.4925816023738872,1.7857142857142858,1.0457380457380456
638,1.8211382113821137,1.4925816023738872,1.7836734693877552,1.0435684647302905
639,1.8211382113821137,1.4925816023738872,1.7836734693877552,1.0435684647302905
640,1.8170731707317074,1.4925816023738872,1.7795918367346939,1.0435684647302905
641,1.8170731707317074,1.4925816023738872,1.7795918367346939,1.0435684647302905
642,1.8170731707317074,1.4925816023738872,1.7795918367346939,1.0435684647302905
643,1.8170731707317074,1.4925816023738872,1.7795918367346939,1.0435684647302905
644,1.815040650406504,1.4925816023738872,1.7775510204081633,1.0435684647302905
645,1.815040650406504,1.4925816023738872,1.7775510204081633,1.0435684647302905
646,1.8130081300813008,1.4925816023738872,1.7755102040816326,1.0435684647302905
647,1.8109756097560976,1.4881656804733727,1.773469387755102,1.0435684647302905
648,1.8089430894308942,1.4837758112094395,1.7714285714285714,1.0435684647302905
649,1.8048780487804879,1.4794117647058824,1.7673469387755103,1.0435684647302905
650,1.8028455284552845,1.4794117647058824,1.7653061224489797,1.0435684647302905
651,1.7987804878048781,1.4794117647058824,1.7612244897959184,1.0435684647302905
652,1.7987804878048781,1.4794117647058824,1.7612244897959184,1.0435684647302905
653,1.7947154471544715,1.4750733137829912,1.7571428571428571,1.0435684647302905
654,1.7926829268292683,1.4750733137829912,1.7551020408163265,1.0435684647302905
655,1.7906504065040652,1.4707602339181287,1.7530612244897958,1.0435684647302905
656,1.7886178861788617,1.4664723032069971,1.7510204081632652,1.0435684647302905
657,1.7865853658536586,1.4664723032069971,1.7489795918367348,1.0435684647302905
658,1.782520325203252,1.4622093023255813,1.7448979591836735,1.0435684647302905
659,1.782520325203252,1.4622093023255813,1.7448979591836735,1.0435684647302905
660,1.7804878048780488,1.4622093023255813,1.7428571428571429,1.0435684647302905
661,1.7764227642276422,1.4579710144927536,1.7387755102040816,1.0435684647302905
662,1.7703252032520325,1.453757225433526,1.7326530612244897,1.0435684647302905
663,1.7621951219512195,1.4454022988505748,1.7244897959183674,1.0435684647302905
664,1.7621951219512195,1.4454022988505748,1.7244897959183674,1.0435684647302905
665,1.7621951219512195,1.4454022988505748,1.7244897959183674,1.0435684647302905
666,1.7621951219512195,1.4454022988505748,1.7244897959183674,1.0435684647302905
667,1.7621951219512195,1.4454022988505748,1.7244897959183674,1.0435684647302905
668,1.7621951219512195,1.4454022988505748,1.7244897959183674,1.0435684647302905
669,1.7621951219512195,1.4454022988505748,1.7244897959183674,1.0435684647302905
670,1.7621951219512195,1.4454022988505748,1.7244897959183674,1.0435684647302905
671,1.7601626016260163,1.4454022988505748,1.7224489795918367,1.0435684647302905
672,1.7601626016260163,1.4454022988505748,1.7224489795918367,1.0435684647302905
673,1.7601626016260163,1.4454022988505748,1.7224489795918367,1.0435684647302905
674,1.7601626016260163,1.4454022988505748,1.7224489795918367,1.0435684647302905
675,1.7601626016260163,1.4454022988505748,1.7224489795918367,1.0435684647302905
676,1.7581300813008129,1.4454022988505748,1.7204081632653061,1.0435684647302905
677,1.7560975609756098,1.4412607449856734,1.7183673469387755,1.0435684647302905
678,1.75,1.433048433048433,1.7122448979591838,1.0435684647302905
679,1.7479674796747968,1.4289772727272727,1.7102040816326531,1.0435684647302905
680,1.7459349593495934,1.4289772727272727,1.7081632653061225,1.0435684647302905
681,1.7439024390243902,1.4249291784702549,1.7061224489795919,1.0435684647302905
682,1.7418699186991871,1.4249291784702549,1.7040816326530612,1.0435684647302905
683,1.7418699186991871,1.4249291784702549,1.7040816326530612,1.0435684647302905
684,1.7378048780487805,1.4209039548022599,1.7,1.0435684647302905
685,1.7378048780487805,1.4209039548022599,1.7,1.0435684647302905
686,1.7317073170731707,1.4209039548022599,1.6938775510204083,1.0435684647302905
687,1.7296747967479675,1.4169014084507043,1.6918367346938776,1.0435684647302905
688,1.725609756097561,1.4169014084507043,1.6877551020408164,1.0435684647302905
689,1.725609756097561,1.4169014084507043,1.6877551020408164,1.0435684647302905
690,1.7235772357723578,1.4169014084507043,1.6857142857142857,1.0435684647302905
691,1.7235772357723578,1.4169014084507043,1.6857142857142857,1.0435684647302905
692,1.7195121951219512,1.4169014084507043,1.6836734693877551,1.0435684647302905
693,1.7195121951219512,1.4169014084507043,1.6836734693877551,1.0435684647302905
694,1.7195121951219512,1.4169014084507043,1.6836734693877551,1.0435684647302905
695,1.7195121951219512,1.4169014084507043,1.6836734693877551,1.0435684647302905
696,1.7195121951219512,1.4169014084507043,1.6836734693877551,1.0435684647302905
697,1.717479674796748,1.4129213483146068,1.6816326530612244,1.0435684647302905
698,1.717479674796748,1.4129213483146068,1.6816326530612244,1.0435684647302905
699,1.717479674796748,1.4129213483146068,1.6816326530612244,1.0435684647302905
700,1.7134146341463414,1.4129213483146068,1.6775510204081632,1.0414078674948239
701,1.7134146341463414,1.4129213483146068,1.6775510204081632,1.0414078674948239
702,1.7113821138211383,1.4129213483146068,1.6755102040816328,1.0414078674948239
703,1.7093495934959348,1.4129213483146068,1.6734693877551021,1.0414078674948239
704,1.7073170731707317,1.4129213483146068,1.6714285714285715,1.0414078674948239
705,1.7073170731707317,1.4129213483146068,1.6714285714285715,1.0414078674948239
706,1.7052845528455285,1.4089635854341738,1.6693877551020408,1.0414078674948239
707,1.7032520325203253,1.4089635854341738,1.6673469387755102,1.0414078674948239
708,1.7032520325203253,1.4089635854341738,1.6673469387755102,1.0414078674948239
709,1.6991869918699187,1.4089635854341738,1.6632653061224489,1.0414078674948239
710,1.6910569105691058,1.4050279329608939,1.6551020408163266,1.0414078674948239
711,1.6890243902439024,1.4050279329608939,1.653061224489796,1.0414078674948239
712,1.6890243902439024,1.4050279329608939,1.653061224489796,1.0414078674948239
713,1.6869918699186992,1.4050279329608939,1.6680244399185336,1.0414078674948239
714,1.684959349593496,1.4050279329608939,1.6659877800407332,1.0414078674948239
715,1.684959349593496,1.4050279329608939,1.6659877800407332,1.0414078674948239
716,1.6808943089430894,1.4050279329608939,1.6619144602851323,1.0414078674948239
717,1.6788617886178863,1.4050279329608939,1.659877800407332,1.0414078674948239
718,1.6788617886178863,1.4050279329608939,1.659877800407332,1.0414078674948239
719,1.6768292682926829,1.4011142061281336,1.6578411405295315,1.0414078674948239
720,1.6768292682926829,1.4011142061281336,1.6578411405295315,1.0414078674948239
721,1.6768292682926829,1.4011142061281336,1.6578411405295315,1.0414078674948239
722,1.6727642276422765,1.4011142061281336,1.6537678207739308,1.0414078674948239
723,1.6727642276422765,1.4011142061281336,1.6537678207739308,1.0414078674948239
724,1.6727642276422765,1.4011142061281336,1.6537678207739308,1.0414078674948239
725,1.6707317073170731,1.3972222222222221,1.6517311608961303,1.0414078674948239
726,1.6707317073170731,1.3972222222222221,1.6517311608961303,1.0414078674948239
727,1.6707317073170731,1.3972222222222221,1.6517311608961303,1.0414078674948239
728,1.6707317073170731,1.3972222222222221,1.6517311608961303,1.0414078674948239
729,1.6707317073170731,1.3972222222222221,1.6517311608961303,1.0414078674948239
730,1.6666666666666667,1.3972222222222221,1.6666666666666667,1.0414078674948239
731,1.6626016260162602,1.3972222222222221,1.6626016260162602,1.0414078674948239
732,1.6585365853658536,1.3972222222222221,1.6585365853658536,1.0392561983471074
733,1.6585365853658536,1.3972222222222221,1.6585365853658536,1.0392561983471074
734,1.6565040650406504,1.3972222222222221,1.6565040650406504,1.0392561983471074
735,1.6565040650406504,1.3972222222222221,1.6565040650406504,1.0392561983471074
736,1.6544715447154472,1.3972222222222221,1.6544715447154472,1.0392561983471074
737,1.6524390243902438,1.3972222222222221,1.6524390243902438,1.0392561983471074
738,1.6504065040650406,1.3972222222222221,1.6504065040650406,1.0392561983471074
739,1.6483739837398375,1.3972222222222221,1.6483739837398375,1.0392561983471074
740,1.6483739837398375,1.3972222222222221,1.6483739837398375,1.0392561983471074
741,1.6483739837398375,1.3972222222222221,1.6483739837398375,1.0392561983471074
742,1.6463414634146341,1.3933518005540166,1.6463414634146341,1.0392561983471074
743,1.6443089430894309,1.3895027624309393,1.6443089430894309,1.0392561983471074
744,1.6422764227642277,1.3895027624309393,1.6422764227642277,1.0392561983471074
745,1.6422764227642277,1.3895027624309393,1.6422764227642277,1.0392561983471074
746,1.6422764227642277,1.3895027624309393,1.6422764227642277,1.0392561983471074
747,1.6402439024390243,1.3895027624309393,1.6402439024390243,1.0392561983471074
748,1.6402439024390243,1.3895027624309393,1.6402439024390243,1.0392561983471074
749,1.6402439024390243,1.3895027624309393,1.6402439024390243,1.0392561983471074
750,1.6402439024390243,1.3895027624309393,1.6402439024390243,1.0392561983471074
751,1.6402439024390243,1.3895027624309393,1.6402439024390243,1.0392561983471074
752,1.6402439024390243,1.3895027624309393,1.6402439024390243,1.0392561983471074
753,1.6382113821138211,1.3895027624309393,1.6382113821138211,1.0392561983471074
754,1.6341463414634145,1.3895027624309393,1.6341463414634145,1.0371134020618558
755,1.6341463414634145,1.3895027624309393,1.6341463414634145,1.0371134020618558
756,1.6321138211382114,1.3856749311294765,1.6321138211382114,1.0371134020618558
757,1.6321138211382114,1.3856749311294765,1.6321138211382114,1.0371134020618558
758,1.6300813008130082,1.3818681318681318,1.6300813008130082,1.0371134020618558
759,1.6300813008130082,1.3818681318681318,1.6300813008130082,1.0371134020618558
760,1.6280487804878048,1.3780821917808219,1.6280487804878048,1.0371134020618558
761,1.6260162601626016,1.3780821917808219,1.6260162601626016,1.0371134020618558
762,1.6260162601626016,1.3780821917808219,1.6260162601626016,1.0371134020618558
763,1.6430020283975659,1.3780821917808219,1.6430020283975659,1.0371134020618558
764,1.6409736308316429,1.3780821917808219,1.6409736308316429,1.0371134020618558
765,1.6409736308316429,1.3780821917808219,1.6409736308316429,1.0371134020618558
766,1.6389452332657202,1.3780821917808219,1.6389452332657202,1.0371134020618558
767,1.6518218623481782,1.3743169398907105,1.6348884381338742,1.0371134020618558
768,1.6518218623481782,1.3743169398907105,1.6348884381338742,1.0371134020618558
769,1.6497975708502024,1.3743169398907105,1.6328600405679514,1.0371134020618558
770,1.6477732793522266,1.3743169398907105,1.6308316430020284,1.0371134020618558
771,1.6477732793522266,1.3743169398907105,1.6308316430020284,1.0371134020618558
772,1.6477732793522266,1.3743169398907105,1.6308316430020284,1.0371134020618558
773,1.6457489878542511,1.3743169398907105,1.6288032454361054,1.0371134020618558
774,1.6457489878542511,1.3743169398907105,1.6288032454361054,1.0371134020618558
775,1.6457489878542511,1.3743169398907105,1.6288032454361054,1.0371134020618558
776,1.6457489878542511,1.3743169398907105,1.6288032454361054,1.0371134020618558
777,1.6437246963562753,1.3743169398907105,1.6267748478701824,1.0371134020618558
778,1.6437246963562753,1.3743169398907105,1.6267748478701824,1.0371134020618558
779,1.6417004048582995,1.3743169398907105,1.6247464503042597,1.0371134020618558
780,1.6396761133603239,1.3743169398907105,1.6227180527383367,1.0371134020618558
781,1.6396761133603239,1.3743169398907105,1.6227180527383367,1.0371134020618558
782,1.6396761133603239,1.3743169398907105,1.6227180527383367,1.0371134020618558
783,1.6376518218623481,1.3705722070844686,1.6206896551724137,1.0371134020618558
784,1.6376518218623481,1.3705722070844686,1.6206896551724137,1.0371134020618558
785,1.6356275303643724,1.3705722070844686,1.6356275303643724,1.0371134020618558
786,1.6336032388663968,1.3668478260869565,1.6336032388663968,1.0371134020618558
787,1.6336032388663968,1.3668478260869565,1.6336032388663968,1.0371134020618558
788,1.6336032388663968,1.3668478260869565,1.6336032388663968,1.0371134020618558
789,1.631578947368421,1.3668478260869565,1.631578947368421,1.0371134020618558
790,1.631578947368421,1.3668478260869565,1.631578947368421,1.0371134020618558
791,1.631578947368421,1.3668478260869565,1.631578947368421,1.0371134020618558
792,1.631578947368421,1.3668478260869565,1.631578947368421,1.0371134020618558
793,1.631578947368421,1.3668478260869565,1.631578947368421,1.0371134020618558
794,1.6295546558704452,1.3668478260869565,1.6295546558704452,1.0371134020618558
795,1.6275303643724697,1.3668478260869565,1.6275303643724697,1.0371134020618558
796,1.6255060728744939,1.3668478260869565,1.6255060728744939,1.0371134020618558
797,1.6255060728744939,1.3668478260869565,1.6255060728744939,1.0371134020618558
798,1.6214574898785425,1.3668478260869565,1.6214574898785425,1.0371134020618558
799,1.6214574898785425,1.3668478260869565,1.6214574898785425,1.0371134020618558
